{
  "facility_one": "West Palm Beach (030)",
  "facility_two": "Orlando (019)",
  "facility_three": "Tysons (001)",
  "facility_four": "Columbus (083)",
  "customer_name": "ADP (M2000-51746)",
  "forward_branch": "no",
  "stop_name": "tc2438",
  "address_line1": "1645 PALM BEACH LAKES BLVD",
  "city": "WEST PALM BEACH",
  "state": "Florida (FL)",
  "zip": "33401-2213",
  "advance_barcode_status_one": "Received",
  "advance_barcode_status_Two": "Transfer",
  "advance_package_window_status_value": "Exception",
  "advance_package_window_Exception_value": "Mechanical Breakdown Will Impact Delivery",
  "advance_package_window_Exception_returnValue" : "Return requested by customer/shipper",
  "advance_package_window_status_Out_of_delivery_value": "Out For Delivery",
  "advance_package_window_status_attempt_value": "Attempt",
  "advance_package_window_attempt_value_business_closed": "Business Closed",
  "advance_package_window_status_attempted_value": "Attempted",
  "advance_package_window_Exception_Item_damaged_return_value" : "Item damaged and will be returned",
  "advance_package_window_Execption_Exceeded_max_attempts" : "Exceeded max attempts, RTS",
  "advance_search_retrun_value" : "Returning",
  "advance_search_package_window_Palletize_value" : "Palletize",
  "advance_package_window_status_Out_for_pickup_value": "Out For Pickup",
  "advance_package_window_status_Out_for_delivery_value": "Out For Delivery",
  "advance_package_window_status_Exception_value": "On Hold at LaserShip",
  "route": "000",
  "service_type" :"Next Day Delivery",
  "route1": "022027Z",
  "route2": "ON HOLD",
  "route3": "UNROUT",
  "contractor": "011014D",
  "time_zone_name_for_UTC_minus_06_00_Central_Time" : "Central Standard Time",
  "time_zone_name_for_UTC_minus_05_00_eastern_Time" : "Eastern Standard Time",
  "address_line1_two": "2459 Arlington Ave",
  "city_1": "Memphis",
  "state_1": "Tennessee (TN)",
  "zip_1": "38114-4299",
  "eos_regression_facility": "Norfolk (057)",
  "eos_address_line1": "101 W Main St",
  "eos_city": "Norfolk",
  "eos_state": "Virginia (VA)",
  "eos_zip": "23510",
  "expected_column_names": [
        "Name",
        "Street",
        "City",
        "State/Region",
        "Postal",
        "Country",
        "Color (0-1)",
        "Phone",
        "Note",
        "Latitude",
        "Longitude",
        "Service Time"
    ],
  "alert_reports": "alerts_report",
  "attempt_facility_report" : "attempt_by_facility",
  "circuit_expected_column_names" :["Address Line 1", "Address Line 2", "City", "State", "Postal Code",
                                         "Extra info (Optional)"],
  "expected_report_results" :["Barcode", "EDD", "Ran On", "Route", "IC", "Status", "Address", "Customer", "City", "State",
                          "Zip", "Stop Name", "Package Level Note", "Stop Level Note"],
  "expected_drop_down_results" : [
  "Word",
  "Excel",
  "PowerPoint",
  "PDF",
  "TIFF file",
  "MHTML (web archive)",
  "CSV (comma delimited)",
  "CSV (PIPE Delimited)",
  "CSV (No Header)",
  "TAB Delimited",
  "XML file with report data",
  "Data Feed"
],
  "word_file": "AKB Stop Notes By Facility.docx",
  "excel_file_name"  : "AKB Stop Notes By Facility.xlsx",
  "power_point_name": "AKB Stop Notes By Facility.pptx",
  "pdf_name": "AKB Stop Notes By Facility.pdf",
  "print_dialog_text": "We'll create a printer-friendly PDF version of your report.",
  "alert_report_results":["Type ", "Action Taken", "User Name", "Result", "Notes", "Created On", "Contractor", "Package Detail"],
   "alert_word_file": "Notification Report.docx",
  "alert_excel_file_name"  : "Notification Report.xlsx",
  "attempt_report_results" : [
  "Customer Name",
  "Barcode",
  "Reference",
  "Stop Point",
  "Address",
  "Reason",
  "Original EDD",
  "EDD",
  "Route",
  "Current Status",
  "IC",
  "Attempt Count",
  "Attempt Date Time",
  "Variance Miles",
  "GPS Rating"
]
,
  "attempt_word": "Attempt By Facility.docx",
  "attempt_excel":"Attempt By Facility.xlsx",
  "attempt_ppt": "Attempt By Facility.pptx",
  "attempt_pdf": "Attempt By Facility.pdf",
  "driver_summary_report": "Driver_Summary",
  "driver_summary_info" : ["Driver#", "Driver Name", "Recieved", "OFD", "Delivered", "Exception", "% Complete"],
  "driver_word" : "Driver Summary.docx",
   "driver_excel" : "Driver Summary.xlsx",
   "driver_ppt" : "Driver Summary.pptx",
   "driver_pdf" : "Driver Summary.pdf",
  "load_manifest_info": ["SEQ#", "Stop Name", "Barcode", "Address", "City", "Zip", "Description"],
  "load_manifest_report":"Load_Manifest_By_Barcode",
  "Load_Manifest_word": "Load Manifest By Barcode.docx",
  "Load_Manifest_excel": "Load Manifest By Barcode.xlsx",
  "Load_Manifest_ppt": "Load Manifest By Barcode.pptx",
  "Load_Manifest_pdf": "Load Manifest By Barcode.pdf",
  "Load_Manifest_By_Stop_report": "Load_Manifest_By_Stop",
  "load_manifest_stop_info": ["SEQ#", "Stop Name", "Address", "City", "Zip", "Total Pcs"],
  "Load_Manifest_stop_word":"Load Manifest By Stop.docx",
  "Load_Manifest_stop_excel": "Load Manifest By Stop.xlsx",
  "Load_Manifest_stop_ppt": "Load Manifest By Stop.pptx",
  "Load_Manifest_stop_pdf": "Load Manifest By Stop.pdf",
  "load_manifest_received_report": "load_manifest_with_received",
  "load_manifest_received_info" : ["SEQ#", "CustRoute", "CustRoute", "Cust", "Route", "Orig Route", "Orig Route", "Orig ", "Route", "Stop Name", "Address", "City", "Zip", "Schd", "Rcv"],
  "load_manifest_received_word": "Load Manifest With Rec.docx",
  "load_manifest_received_excel": "Load Manifest With Rec.xlsx",
  "load_manifest_received_ppt": "Load Manifest With Rec.pptx",
  "load_manifest_received_pdf": "Load Manifest With Rec.pdf",
  "location_services_report":"location_services",
  "location_services_info": ["Facility", "Facility", "Facility", "Device", "Device", "Device", "Contractor Id", "Contractor Id", "Contractor Id", "Name", "Name", "Name", "Total Count"],
  "location_services_word": "Location Services OFF - ALL Deliveries.docx",
  "location_services_excel": "Location Services OFF - ALL Deliveries.xlsx",
  "location_services_ppt": "Location Services OFF - ALL Deliveries.pptx",
  "location_services_pdf": "Location Services OFF - ALL Deliveries.pdf",
  "status_update_report": "status_update",
  "status_update_first_items" : ["MLS","LOAD","10","11","12","13","14","I5","16","17","18","19","20","21","!EXC!","OFD","DEL","%","MAN","%"],
  "status_update_second_items" : ["IC","Name","Phone","LOAD","10","11","12","13","14","I5","16","17","18","19","20","21","!EXC!","OFD","DEL","%","MAN","%"],
  "status_update_word": "Status Update.docx",
    "status_update_excel": "Status Update.xlsx",
    "status_update_ppt": "Status Update.pptx",
    "status_update_pdf": "Status Update.pdf",
  "mls_facility_route": "mls_by_facility_and_route",
  "package_status": "Delivered",
  "package_exception": "DESK"



}
