{
  "mass_delay_reason_field_option1": "Delay due to weather or natural disaster",
  "mass_delay_reason_field_option2": "Delay in service due to external factors",
  "mass_delay_reason_field_option3": "Late Line Haul",
  "mass_delay_reason_field_option4": "Mechanical Breakdown Will Impact Delivery",
  "facility_data_facility_type_option1": "Final Mile",
  "facility_data_facility_type_option2": "Sort Center",
  "cost_area" : "302",
  "mass_delay_event" : "Package received at Company Facility",
  "facility_name": "Binghamton (078)",
  "facility_name1": "West Palm Beach (030)",
  "forward_branch": "no",
  "customer_name": "ADP (M2000-51746)",
  "stop_name": "tc2439",
  "address_line1": "BINGHAMTON UNIVERSITY",
  "city": "BINGHAMTON",
  "state": "NEW YORK(NY)",
  "zip": "13902",
  "package_entry_Text": "Package Entry",
  "route_number": "201371",
  "delivery_date_txt": "1/20/2022",
  "route_txt": "W952B",
  "stop_name2": "tc2439",
  "address_line2": "1645 PALM BEACH LAKES BLVD",
  "city2": "WEST PALM BEACH",
  "state2": "Florida (FL)",
  "zip2": "33401-2213",
  "report_arrival_scan" : "Arrival Scan",
  "arrival_scan_table_column_headers":["Arrival Branch", "Lane", "Customer Name", "00:00 00:59 ", "01:00 01:59 ", "02:00 02:59 ", "Total"],
  "file_formats_for_report_download": ["Word", "Excel", "PowerPoint", "PDF"],
  "file_extension_for_report_download": [".docx", ".xlsx", ".pptx",".pdf"],
  "bolt_section_report_name": "all_eos_reports",
  "arrival_scan_date": "11/04/2021",
  "report_flight_light": "Facility Status light",
  "flight_light_column_header": ["Customer", "Barcode", "Zip", "Facility", "Original EDD", "EDD", "Current Status", "IC", "Last Event", "Last Event Facility", "Last Event Time", "Excep", "Attempt", "Last OnHold Time", "First Received Time", "Last Hub Time", "Last Hub Name", "Zen Time", "Zen Event", "Notes"],
  "file_formats_for_report_download_1": ["Word", "Excel", "PDF"],
  "file_extension_for_report_download_1": [".docx", ".xlsx",".pdf"],
  "report_evil2_drivers": "Eli2 Drivers",
  "evils_driver_report_header_column": ["Facility Name", "EDD", "Contractor Code"],
  "report_load_without_departure_event": "Load without Departure Event",
  "load_without_departure_report_headers": ["Facility", "Barcode", "Assigned", "doneby", "Route", "Customer#", "Customer Name", "Service", "Stop Name", "Address", "City", "Zip", "EDD", "Original EDD", "Status", "REDEL", "Load Scan Date Time","EAV"],
  "load_without_departure_start_date": "11/04/2021",
  "load_without_departure_end_date": "04/25/2022",
  "load_without_departure_facility": "Jacksonville",
  "hub_arrival_wrong_facility_report_name": "Hub Arrival Wrong Facility Receive",
  "hub_arrival_original_EDD_date": "04/21/2022",
  "hub_arrival_wrong_facility_result_column_headers": ["Date", "hub", "Facility", "Last Facility", "Customer", "Barcode", "Status "],
  "export_to_file_option_files": ["Word", "Excel", "PowerPoint", "PDF", "TIFF file", "MHTML (web archive)", "CSV (comma delimited)", "CSV (PIPE Delimited)", "CSV (No Header)", "TAB Delimited", "XML file with report data", "Data Feed"],
  "report_open_stops_report_all": "Open Stops Report (ALL)",
  "open_stop_report_all_result_table_column_headers": ["Barcode", "Facility Name", "Customer#", "Current EDD", "Original EDD", "Route", "Contractor Code", "Stop_Name", "Address", "City", "State", "Zip", "Current Status", "Last Event", "Last Event Time", "Attem Count"],
  "unable_to_deliver_exception_report_name": "Unable to Deliver Exceptions (LOD 404 423)",
  "unable_to_deliver_exceptions_report_column_header": ["Facility", "Customer Name", "Barcode", "Reference", "Stop Point", "Address", "Zip", "Original EDD", "EDD", "Route", "Original Route", "Current Status", "IC", "Event Date Time", "First Received Date Time", "Last Hub Date Time", "Hub Location", "Last Event", "Last Scan Time"],
  "unable_to_deliver_exception_report_date": "12/15/2022",
  "unable_to_deliver_exception_event_name": "Delay due to weather or natural disaster",
  "unable_to_deliver_exception_no_action": "All",
  "overage_report_report_name": "Overage Report",
  "overage_report_report_section_column_header": ["Customer ", "Facility", "Scanned Barcode", "possible match", "Scan Time", "Done By"],
  "miss_short_tracker_report_name": "Mis-sort Tracker",
  "miss_short_tracker_status": "Open",
  "miss_short_tracker_report_table_column_header":["Original EDD", "Barcode", "Customer", "Last Hub", "Last Hub Date", "Current Status", "Wrong Fac Rec", "Wrong Fac Rec Date", "Pallet ID", "Correct Fac", "Correc Fac Rec Date", "Last Event", "Last Event Date", "Last Event Facility", "Last Del Date", "Missort To Del", "Missrot To Rec", "FTB Status", "FTB Status Date"],
  "scan_by_inactive_driver_report_name": "Scan by Inactive Drivers",
  "scan_by_inactive_drivers_report_headers": ["Facility", "Contractor Code", "Cost Area", "Barcode", "Event Type", "Event Date", "Event Time", "Updated On"],
  "delivered_by_driver_report_name": "Delivered By Driver",
  "driver_number": "202226",
  "delivered_by_driver_report_column_headers": ["Barcode", "EDD", "Customer", "Facility", "Created Date Time", "Delivery Date Time", "Lat", "Long", "Location", "Signature", "Assigned IC", "Done By", "Stop Point Name", "Address", "Zip", "Manual ?", "Variance Miles", "Vpod Loc1", "Vpod Pct1", "Vpod Loc2", "Vpod Pct2", "Photo Event Date Time", "Manual OFDL/OAD", "Beam Del Event After Manual", "Beam Del Event Date Time", "Beam Del Event Created Date Time", "Other Del Event", "Other Del Event Date", "Other Del Event Created Date", "Vpod Rate Code", "Rating", "File Received Created Date", "First Received Scan Date"],
  "on_hold_review_report_name": "On Hold Review",
  "division_eastern": "EASTERN",
  "division_midwest": "MIDWEST",
  "on_hold_review_report_column_headers": ["Barcode", "Customer","Order For","Stop Name", "Address", "City", "Zip", "Facility ", "Original EDD", "EDD", "Current Status", "IC", "First Received Time", "Last OFD Time", "Last Event", "Last Event Time", "Last Event Facility", "Excep", "Attempt", "On Hold Excep", "First On Hold Time", "Last On Hold Time", "Inv Scans", "Last Inventory Scan", "Last Inventory Scan Time", "Notes"],
  "reference_headers": ["Reference", "Barcode", "Facility", "Customer", "Current Status", "EDD"],
  "reference_number": "001",
  "reference_search_report_name": "Reference Search",
  "barcode_research_report_header": "Barcode Research",
  "barcode_research_barcode_value": "1LSCYG5000SD3UJ",
  "barcode_research_report_column_headers": ["Barcode", "Facility", "Customer", "Order For", "Current Status", "Original EDD", "Hub", "Hub Arrival Date", "Receive Date", "Mis Sort", "Driver Id", "Delivery Date", "Load Date", "Del", "Excep", "On Hold", "Stop Name", "Address1", "Address2", "City", "State", "Zip", "POD Location", "POD Sign", "Dist From Del", "Variance Miles", "GPS Rating", "vPOD", "Manual POD", "Cluster Scan", "Del After 9", "Note", "Sign", "Rating", "Category", "Vpod Loc1", "Long", "Lat", "Attempts", "Master IC"],
  "expected_texts" : ["Stop Point Name", "Customer#", "CUST RTE-STP", "None", "Reference", "Route", "Barcode", "O", "S", "D", "M", "Package Type", "None", "Package Description", "None"],
  "word_file": "MOSD By Facility.docx",
  "excel_file_name": "MOSD By Facility.xlsx",
  "pdf_name": "MOSD By Facility.pdf",
  "power_point_name": "MOSD By Facility.pptx",
  "print_dialog_text": "We'll create a printer-friendly PDF version of your report.",
  "word-file-edd": "Past EDD.docx",
  "excel_file_name_edd": "Past EDD.xlsx",
  "pdf_name_edd": "Past EDD.pdf",
  "power_point_name_edd": "Past EDD.pptx",
  "expected_texts_edd": "['Facility', 'Barcode', 'Original EDD', 'Due Date Time', 'Customer#', 'Stop_Name', None, 'Address', None, 'City', 'State', 'Zip', 'Original Route', 'Route', 'Diff']"
}

