{
  "facility_one": "West Palm Beach (030)",
  "facility_two": "Orlando (019)",
  "facility_three": "Miami (018)",
  "facility_four": "Norfolk (057)",
  "facility_five": "Queens (010)",
  "customer_name": "AMAZON NON SORT (51728)",
  "customer_name1": "ADP (M2000-51746)",
  "forward_branch": "no",
  "stop_name": "tc2438",
  "address_line1": "1645 PALM BEACH LAKES BLVD",
  "city": "WEST PALM BEACH",
  "state": "Florida (FL)",
  "zip": "33401-2213",
  "advance_barcode_status_one": "Received",
  "advance_barcode_status_Two": "Transfer",
  "advance_package_window_status_value": "Exception",
  "advance_package_window_Exception_value": "Mechanical Breakdown Will Impact Delivery",
  "advance_package_window_status_Out_of_delivery_value": "Out For Delivery",
  "advance_package_window_status_attempt_value": "Attempt",
  "advance_package_window_attempt_value_business_closed": "Business Closed",
  "advance_package_window_status_attempted_value": "Attempted",
  "package_entry_Text": "Package Entry",
  "address_line2": "21421 JAMAICA AVE",
  "city1": "QUEENS VILLAGE",
  "state1": "New York (NY)",
  "zip1": "11428-1726",
  "route_number": "200036",
  "route_number1": "200036",
  "address_line3": "601 BISCAYNE BLVD",
  "city2": "MIAMI",
  "state2": "Florida (FL)",
  "zip2": "33132-1801",
  "confirm_msg": "Locking a route will confirm TBD statuses of the packages and show all received packages out for delivery. Are you sure you wish to continue?",
  "saved_popup": "This Monitor is already Active",
  "status":"Delivered",
  "drop":"DESK",
  "status0": "Out For Delivery",
  "status1":"Attempt",
  "drop1":"Business Closed",
  "status2":"Exception",
  "drop2":"Item damaged and will be returned",
  "rout_for_dispacth_dashboard" : "PR0021",
  "contractor_for_dispatch_board" : "102155A",
  "status_update_master_row_column_headers": ["Seq","Time","Drop","Signature","Exception Type","Exception","Door Tag","EDD","Stop Name","Address","#","POD#","Status","Cust Route","Cust Stop","Service"],
  "status_update_child_row_column_headers": ["Time","Drop","Signature","Exception Type","Exception","Door Tag","EDD","Barcode","Status","Cust Route","Cust Stop","Service"],
  "dispatch_backup_route": "Q13-368",
  "rout_for_dispacth_dashboard_1" : "PR0002",
  "status_update_time": "01:00",
  "status_update_drop_value": "BACK_DOOR",
  "status_update_signature_value": "test_signature",
  "status_update_exception_value": "Delay due to weather or natural disaster",
  "status_update_door_tag_value": "test_door_11",
  "route_2" : "PR0021",
  "contract_id_2": "200127"
}