{
  "exceed_on_hold_days_discard": "Exceeded On Hold Days, Discard",
  "exceed_on_hold_days_rts": "Exceeded On-Hold Days, RTS",
  "lost_by_laserShip": "Item has been lost by LaserShip",
  "remove_from_onhold": "Removed From On Hold",
  "signature": "test_sign",
  "time_format": "00:30",
  "exception_test": "Delay due to weather or natural disaster",
  "facility_one": "West Palm Beach (030)",
  "facility_two": "Orlando (019)",
  "facility_three": "Tysons (001)",
  "customer_name": "ADP (M2000-51746)",
  "forward_branch": "no",
  "stop_name": "tc2438",
  "address_line1": "1645 PALM BEACH LAKES BLVD",
  "city": "WEST PALM BEACH",
  "state": "Florida (FL)",
  "zip": "33401-2213",
  "service_type": "Same Day Delivery",
  "exception_search_bar": "401WESTA",
  "damage_delivered": "Item damaged and will be delivered",
  "damage_discarded": "Item damaged and will be discarded",
  "damage_returned": "Item damaged and will be returned",
  "item_lost": "Item has been lost by LaserShip"
}