{
  "facility_one": "West Palm Beach (030)",
  "facility_two": "Orlando (019)",
  "customer_name": "ADP (M2000-51746)",
  "forward_branch": "no",
  "stop_name": "tc2438",
  "address_line1": "1645 PALM BEACH LAKES BLVD",
  "city": "WEST PALM BEACH",
  "state": "Florida (FL)",
  "zip": "33401-2213",
  "advance_barcode_status_one": "Received",
  "advance_barcode_status_Two": "Transfer",
  "advance_package_window_status_value": "Exception",
  "advance_package_window_Exception_value": "Mechanical Breakdown Will Impact Delivery",
  "advance_package_window_status_Out_of_delivery_value": "Out For Delivery",
  "advance_package_window_status_attempt_value": "Attempt",
  "advance_package_window_attempt_value_business_closed": "Business Closed",
  "advance_package_window_status_attempted_value": "Attempted",
  "exception_delay_weathers": "Delay due to weather or natural disaster",
  "exception_delay_external_factor": "Delay in service due to external factors",
  "mechanical_breakdown": "Mechanical Breakdown Will Impact Delivery",
  "status_pickup": "Pickup",
  "status_outForPickup": "Out For Pickup",
  "status_pickedUp": "Picked Up",
  "status_attempt": "Attempt",
  "status_exception": "Exception",
  "route_number": "200304",
  "route":"000",
  "midwest_route" : "001",
  "midwest_customer" : "YUMBLE KIDS (M7275-51756)",
  "clone_package_message1" : "This action will create a complete duplicate of the existing package",
  "kendo_window_status": "Transfer",
  "kendo_window_type":"Exception",
  "kendo_window_event": "Item arrived at incorrect LaserShip facility and was forwarded to the correct one",
  "user_settings_facility": "Facility Dashboard",
  "load_time_testing_facility1": "Jacksonville (034)",
  "load_time_testing_facility2": "Miami (018)",
  "load_time_testing_facility3": "Nashville (037)",
  "load_time_testing_facility4": "Call Center (0CS)",
  "load_time_testing_facility5": "Akron (084)",
  "load_time_testing_facility6": "Queens (010)",
  "load_time_testing_facility7": "Binghamton (078)",
  "load_time_testing_facility8": "Norfolk (057)"
}
